"Tijdstempel","Geluid en het kortetermijngeheugen

Hartelijk dank voor uw interesse in deelname aan ons onderzoek. Voordat u besluit om deel te nemen, willen we u graag informeren over de aard, het doel en de mogelijke gevolgen van dit onderzoek. Neem rustig de tijd om onderstaande informatie door te lezen. Als u vragen heeft, aarzel dan niet om contact met ons op te nemen.

Doel van het onderzoek
Dit onderzoek wordt uitgevoerd voor het vak Research Methods for Interactive Systems van de Bsc Informatiekunde aan de Universiteit van Amsterdam. Het doel van dit onderzoek is om te onderzoeken in welke mate het kortetermijngeheugen van studenten worden beïnvloed door bepaalde omgevingsfactoren. Door middel van het uitvoeren van 3 geheugentaken, met een korte tussenperiode, is het mogelijk om vast te stellen welke condities eventueel invloed hebben op het kortetermijngeheugen.

Wat wordt er van u verwacht?
Als u besluit deel te nemen, vragen we u om het volgende uit te voeren: Stap voor stap zal worden uitgelegd hoe u de drie geheugentaken zal uitvoeren. Tussen deze taken door zal een korte pauze zitten. De onderzoeker zal u waar nodig helpen dit onderzoek uit te voeren. Ten slotte sluiten we dit experiment af met een aantal vragen over uw ervaring.

Vrijwilligheid
Uw deelname is volledig vrijwillig. U mag op elk moment stoppen zonder opgaaf van reden en zonder dat dit nadelige gevolgen heeft.

Vertrouwelijkheid
Uw gegevens worden strikt vertrouwelijk behandeld. Alleen geanonimiseerde gegevens worden gebruikt voor analyse en publicatie. Uw naam of andere persoonlijke informatie zal nooit worden gekoppeld aan de resultaten. De verzamelde gegevens worden verwijderd na afloop van het onderzoek.

Toestemming
Door hieronder toestemming te geven, verklaart u dat: U de uitleg over het onderzoek hebt begrepen, u voldoende tijd heeft gehad om vragen te stellen en uw deelname te overwegen, u op dit moment een student bent die ingeschreven staat bij een onderwijsinstelling, u vrijwillig instemt met deelname aan dit onderzoek en dat u akkoord gaat met het verwerken van uw gegevens zoals hierboven beschreven.

Contactinformatie
Als u vragen heeft over dit onderzoek of uw deelname, kunt u contact opnemen met  Stan Bakker via 0636489938 of stan.bakker@student.uva.nl

Gaat u akkoord met deze voorwaarden? Wilt u niet akkoord gaan met deze voorwaarden, dan hoeft u het onderzoek niet uit te voeren en kunt u dit aan de onderzoeker melden.","Wat is uw leeftijd (in jaren)?","Wat is uw geslacht?","Conditie A resultaat","Conditie B resultaat","Conditie C resultaat","Welk geluid vond u het prettigst om naar te luisteren?","Welk geluid vond u het minst prettig om naar te luisteren?","Heeft u een gediagnosticeerde gehooraandoening of een vorm van dyslexie? 
(Als u hierbij 'ja' wil antwoorden, voer dat dan a.u.b. in bij 'Anders' en specifieer a.u.b. welke stoornis, als u dat wil delen)","Als u nog iets kwijt wil, kunt u dat hier benoemen:"
"2026/05/05 12:27:16 p.m. EEST","Akkoord","20","Vrouw","8","8","8","Het eerste geluid","Het tweede geluid","Misofonie",""
"2026/05/05 12:43:31 p.m. EEST","Akkoord","18","Man","8","7","5","Het eerste geluid","Het derde geluid","Nee",""
"2026/05/05 6:07:16 p.m. EEST","Akkoord","22","Man","4","5","4","Het tweede geluid","Het derde geluid","Nee",""
"2026/05/05 6:34:17 p.m. EEST","Akkoord","28","Zeg ik liever niet","5","6","6","Het tweede geluid","Het derde geluid","misofonie","Leuke test, maar wat zegt het?"
"2026/05/05 9:59:39 p.m. EEST","Akkoord","21","Vrouw","6","7","6","Het eerste geluid","Het derde geluid","dyslexie en post covid","good luck"
"2026/05/06 2:32:56 p.m. EEST","Akkoord","19","Man","5","4","3","Het eerste geluid","Het tweede geluid","Nee",""
"2026/05/06 9:33:22 p.m. EEST","Akkoord","18","Vrouw","5","6","7","Het eerste geluid","Het tweede geluid","Nee","Veel succes jongens en meisjes!"
"2026/05/06 11:26:49 p.m. EEST","Akkoord","20","Man","5","6","4","Het eerste geluid","Het derde geluid","Nee","Dollo pingel"
"2026/05/06 11:58:47 p.m. EEST","Akkoord","21","Man","4","4","4","Het derde geluid","Het tweede geluid","Nee","ben jammer genoeg oost indisch doof :["
"2026/05/07 12:24:29 a.m. EEST","Akkoord","20","Man","6","5","5","Het eerste geluid","Het derde geluid","Nee","Alle geluiden waren best comfortabel, in de context van willen studeren en onthouden was de eerte wel het fijnst. Was op het moment van het experiment wel moe"